172.27.91.40	142.250.183.163	o.pki.goog	/s/wr3/25s	500
172.27.91.40	142.250.183.163	o.pki.goog	/s/wr3/25s	500
172.27.91.40	34.107.221.82	detectportal.firefox.com	/success.txt?ipv4	376
172.27.91.40	142.250.183.163	o.pki.goog	/we2	493
172.27.91.40	142.250.183.163	o.pki.goog	/we2	493
172.27.91.40	142.250.183.163	o.pki.goog	/s/wr3/prs	500
172.27.91.40	142.250.183.163	o.pki.goog	/we2	494
172.27.91.40	142.250.183.163	o.pki.goog	/we2	494
172.27.91.40	142.250.183.163	o.pki.goog	/we2	494
172.27.91.40	142.250.183.163	o.pki.goog	/we2	494
172.27.91.40	142.250.183.163	o.pki.goog	/we2	494
172.27.91.40	142.250.183.163	o.pki.goog	/we2	493
172.27.91.40	142.250.183.163	o.pki.goog	/we2	494
172.27.91.40	142.250.183.163	o.pki.goog	/we2	494
172.27.91.40	142.250.183.163	o.pki.goog	/we2	494
172.27.91.40	142.250.183.163	o.pki.goog	/we2	493
172.27.91.40	142.250.183.163	o.pki.goog	/we2	494
172.27.91.40	142.250.183.163	o.pki.goog	/we2	494
172.27.91.40	142.250.183.163	o.pki.goog	/we2	493
172.27.91.40	142.250.183.163	o.pki.goog	/we2	494
172.27.91.40	142.250.183.163	o.pki.goog	/we2	493
172.27.91.40	142.250.183.163	o.pki.goog	/we2	494
172.27.91.40	142.250.183.163	o.pki.goog	/we2	494
172.27.91.40	142.250.183.163	o.pki.goog	/we2	494
172.27.91.40	142.250.183.163	o.pki.goog	/we2	494
172.27.91.40	142.250.183.163	o.pki.goog	/we2	494
172.27.91.40	142.250.183.163	o.pki.goog	/we2	493
172.27.91.40	142.250.183.163	o.pki.goog	/we2	493
172.27.91.40	142.250.183.163	o.pki.goog	/we2	493
